<?xml version="1.0" encoding="UTF-8"?>
<addon id="plugin.video.filmbooster" version="2.6" name="FilmwebBooster - Mod" provider-name="Michal">
<requires>
  <import addon="xbmc.python" version="2.1.0"/>
  <import addon="script.module.urlresolver" version="3.0.15"/>
  <import addon="script.module.ramic" version="1.2.3" />
  <import addon="script.common.plugin.cache" version="2.5.5"/> 
</requires>
<extension point="xbmc.python.pluginsource" library="main.py">
  <provides>video</provides>
</extension>
<extension point="xbmc.addon.metadata">
  <summary lang="pl">FilmwebBooster</summary>
  <description lang="pl">Baza filmów i seriali serwisu http://filmweb.pl wsparta silnikiem http://filmwebbooster.pl</description>
  <disclaimer lang="en">A private use only. For bugs, requests or general questions visit my repository https://github.com/ramicspa/kodi</disclaimer>
  <language></language>
  <platform>all</platform>
  <license>GNU GENERAL PUBLIC LICENSE. Version 2, June 1991</license>
  <forum>https://github.com/ramicspa/kodi/issues</forum>
  <website>https://github.com/ramicspa/kodi</website>
  <email></email>
  <source>https://github.com/ramicspa/kodi</source>
  <assets>
    <icon>icon.png</icon>
    <fanart>fanart.jpg</fanart>
  </assets>
  <news>
Do not install this addon if you are using a build.
  </news>
</extension>
</addon>
