<?xml version="1.0" encoding="UTF-8"?>
<addon id="plugin.video.iitv" name="iitv-seriale - Mod" version="2.3" provider-name="Michal">
  <requires>
    <import addon="xbmc.python" version="2.25.0"/>
	<import addon="script.module.urlresolver" version="4.0.0"/>
	<import addon="script.module.ramic" version="1.2.6"/>
  </requires>
  <extension point="xbmc.python.pluginsource" library="addon.py">
    <provides>video</provides>
  </extension>
  <extension point="xbmc.addon.metadata">
    <summary lang="en">iitv</summary>
    <description lang="en">Odgrywa zasoby iitv.pl</description>
	<disclaimer lang="en">A private use only. For bugs, requests or general questions visit my repository https://github.com/ramicspa/kodi</disclaimer>
	<language></language>
	<platform>all</platform>
	<license>GNU GENERAL PUBLIC LICENSE. Version 2, June 1991</license>
	<forum>https://github.com/ramicspa/kodi/issues</forum>
	<website>https://github.com/ramicspa/kodi</website>
	<email></email>
	<assets>
		<icon>icon.png</icon>
		<fanart>fanart.jpg</fanart>
	</assets>
	<news>
	</news>
</extension>
</addon>