<?xml version="1.0" encoding="UTF-8" standalone="yes"?>
<addon id="plugin.video.cdapl" version="2.0.3" name="cda.pl - Mod" provider-name="Michal">
<requires>
  <import addon="xbmc.python" version="2.1.0"/>
  <import addon="script.common.plugin.cache" version="2.5.5"/>
  <import addon="script.module.ramic" version="1.2.6"/>
</requires>
<extension point="xbmc.python.pluginsource" library="main.py">
  <provides>video</provides>
</extension>
<extension point="xbmc.service" library="check.py" start="startup"/>
<extension point="xbmc.addon.metadata">
  <summary lang="pl">Zasoby serwisu [B]cda.pl[/B]</summary>
  <description lang="pl">Wtyczka umożliwia dostęp do bazy cda.pl</description>
  <disclaimer lang="en">A private use only. For bugs, requests or general questions visit my repository https://github.com/ramicspa/kodi</disclaimer>
  <language></language>
  <platform>all</platform>
  <license>GNU GENERAL PUBLIC LICENSE. Version 2, June 1991</license>
  <forum>https://github.com/ramicspa/kodi/issues</forum>
  <website>https://github.com/ramicspa/kodi</website>
  <assets>
    <icon>icon.png</icon>
    <fanart>fanart.jpg</fanart>
    <screenshot>resources/screenshot-01.jpg</screenshot>
    <screenshot>resources/screenshot-02.jpg</screenshot>
  </assets>
  <news>
Do not install this addon if you are using a build.
  </news>
</extension>
</addon>
