<?xml version="1.0" encoding="UTF-8"?>
<addon id="plugin.video.segos" version="3.0" name="segos - Mod" provider-name="Michal">
<requires>
  <import addon="xbmc.python" version="2.1.0"/>
  <import addon="script.common.plugin.cache" version="2.5.5"/> 
  <import addon="script.module.urlresolver" version="3.0.15"/>  
  <import addon="script.module.ramic"/>  
</requires>
<extension point="xbmc.python.pluginsource" library="main.py">
  <provides>video</provides>
</extension>
<extension point="xbmc.addon.metadata">
  <summary lang="en">segos</summary>
  <description lang="en">Zasoby segos.es</description>
  <disclaimer lang="en">private use</disclaimer>
  <language></language>
  <platform>all</platform>
  <license></license>
  <forum></forum>
  <website>https://github.com/ramicspa/kodi</website>
  <email>ramicspaatgmaildotcom</email>
  <source></source>
  <assets>
    <icon>icon.png</icon>
    <fanart>fanart.jpg</fanart>
    <screenshot>resources/screenshot-01.jpg</screenshot>
    <screenshot>resources/screenshot-02.jpg</screenshot>
  </assets>
  <news>
Do not install this addon if you are using a build.
  </news>
</extension>
</addon>
