<?xml version="1.0" encoding="UTF-8"?>
<addon 
	id="plugin.video.anime.pl" name="anime.pl - Mod" version="1.5" provider-name="Michal">
  <requires>
    <import addon="xbmc.python" version="2.1.0"/>
	<import addon="script.module.urlresolver" version="3.0.15"/>
	<import addon="script.module.ramic"/>
  </requires>
  <extension point="xbmc.python.pluginsource" library="addon.py">
    <provides>video</provides>
  </extension>
  <extension point="xbmc.addon.metadata">
    <summary lang="en">anime</summary>
    <description lang="en">anime.pl</description>
    <disclaimer lang="en"></disclaimer>
    <language></language>
    <platform>all</platform>
    <license></license>
    <forum></forum>
    <website>https://github.com/ramicspa/kodi</website>
    <email>ramicspa at gmail dot com</email>
    <source></source>
  </extension>
</addon>