<?xml version="1.0" encoding="UTF-8"?>
<addon id="plugin.video.ekstraklasa" name="Ekstraklasa - Mod" version="2.0" provider-name="Michal">
  <requires>
    <import addon="xbmc.python" version="2.1.0"/>
    <import addon="script.module.urlresolver" version="3.0.15"/> 
    <import addon="script.module.ramic" version="1.2.2"/>
  </requires>
  <extension point="xbmc.python.pluginsource" library="main.py">
    <provides>video</provides>
  </extension>
  <extension point="xbmc.addon.metadata">
    <summary lang="pl">Mecze ekstraklasy z dailymotion i nie tylko</summary>
    <description lang="en">Ekstraklasa</description>
    <language></language>
    <platform>all</platform>
    <license>GNU GENERAL PUBLIC LICENSE. Version 2, June 1991</license>
    <forum>https://github.com/ramicspa/kodi/issues</forum>
    <website>https://github.com/ramicspa/kodi</website>
    <email></email>
    <assets>
        <icon>icon.png</icon>
        <fanart>fanart.jpg</fanart>
    </assets>
  <news>
Ekstrakalasa.tv
Estadios.pl
LiveFootBallol
Lech.tv
FootbalOrgin
GoalArean
Meczyki.pl
Mecz replay
Polsat Sport
Laczy nas piłka
Do not install this addon if you are using a build.
 </news>
  </extension>
</addon>